{"schemaVersion":"1.0","appDefinitionTemplate":{"id":"/providers/Microsoft.PowerApps/apps/","type":"Microsoft.PowerApps/apps","tags":{"primaryDeviceWidth":"1911","primaryDeviceHeight":"819","supportsPortrait":"true","supportsLandscape":"true","primaryFormFactor":"Tablet","showStatusBar":"false","publisherVersion":"3.24103.16","minimumRequiredApiVersion":"2.2.0","hasComponent":"true","hasUnlockedComponent":"false","isUnifiedRootApp":"false","sienaVersion":"20241029T201629Z-3.24103.16.0"},"properties":{"appVersion":"2024-10-29T20:16:29Z","lifeCycleId":"Published","createdByClientVersion":{"major":3,"minor":24103,"build":16,"revision":0,"majorRevision":0,"minorRevision":0},"minClientVersion":{"major":3,"minor":24103,"build":16,"revision":0,"majorRevision":0,"minorRevision":0},"backgroundColor":"rgba(226, 0, 116, 1)","backgroundImageUri":"/6058913773420610185/Nca613612-66a3-4d79-a0d8-70c3e03ce59f-logoSmallFile","displayName":"Techcelerate App 2024 - copy","description":"","commitMessage":"","appUris":{"documentUri":{"value":"/6058913773420610185/Nab56166a-d0dc-463d-a12c-f8fcd0ed6eb1-document.msapp"},"imageUris":[],"additionalUris":[{"isSolutionAware":false,"value":"/6058913773420610185/N760ca1d2-43c6-4381-84f3-98c9fc4fe407-identity.json"}]},"createdTime":"0001-01-01T00:00:00Z","lastModifiedTime":"0001-01-01T00:00:00Z","sharedGroupsCount":0,"sharedUsersCount":0,"connectionReferences":{"460fd1e7-5885-457a-9c10-10f87f606a7c":{"id":"c697eb32-053d-41cb-9dc6-d9ca6a62866e","displayName":"SharePoint","iconUri":"https://connectoricons-prod.azureedge.net/u/jayawan/releases/v1.0.1697/1.0.1697.3786/sharepointonline/icon.png","dataSources":["TechcelerateTravelRequestsDemo","Company_Gift_Management","Gifts"],"dependencies":[],"dependents":[],"parameterHints":{},"parameterHintsV2":{},"isOnPremiseConnection":false,"bypassConsent":false,"dataSets":{"https://telekom.sharepoint.de/sites/TechcelerateDemo":{"dataSources":{"TechcelerateTravelRequestsDemo":{"tableName":"66770f0e-df00-4587-a566-4887e1a03007"},"Company_Gift_Management":{"tableName":"57a35821-b27d-48e9-a1fe-597708c66724"},"Gifts":{"tableName":"4fbf57ed-c55a-43b6-b5f5-4eca9e6c7620"}}}},"apiTier":"Standard","isCustomApiConnection":false,"actions":["providers/PowerPlatform.Governance/Operations/Read","providers/PowerPlatform.Governance/Operations/Write","providers/PowerPlatform.Governance/Operations/Delete"]},"d7617b0b-ef9f-4a55-8e3a-ce53867bf029":{"id":"c697eb32-053d-41cb-9dc6-d9ca6a62866e","displayName":"SharePoint","iconUri":"https://connectoricons-prod.azureedge.net/u/jayawan/releases/v1.0.1697/1.0.1697.3786/sharepointonline/icon.png","dataSources":["GiftManagement_SystemList"],"dependencies":[],"dependents":[],"parameterHints":{},"parameterHintsV2":{},"isOnPremiseConnection":false,"bypassConsent":false,"dataSets":{"https://telekom.sharepoint.de/sites/TechcelerateDemo":{"dataSources":{"GiftManagement_SystemList":{"tableName":"12905e92-911c-44b1-ba69-ed51b982e707"}}}},"apiTier":"Standard","isCustomApiConnection":false,"actions":["providers/PowerPlatform.Governance/Operations/Read"]}},"databaseReferences":{},"almMode":"Environment","performanceOptimizationEnabled":false,"canConsumeAppPass":false,"enableModernRuntimeMode":false,"executionRestrictions":{"isTeamsOnly":false,"dataLossPreventionEvaluationResult":{"status":"Compliant","lastEvaluationDate":"2024-10-28T12:32:22.4678084Z","violations":[],"violationsByPolicy":[],"violationErrorMessage":"The app uses the following connectors: shared_sharepointonline."}}},"appType":"ClassicCanvasApp","appComponents":[]}}